{
  "train_loss": [
    1.9626442231515622,
    1.9498768132409305,
    1.9412008599916457,
    1.925720967696146,
    1.8652841957174193,
    1.829861042080357,
    1.8044294115580155,
    1.7823166828133579,
    1.7635016677549538,
    1.7511370241761344,
    1.7374096115370947,
    1.7236806838943997,
    1.716669756258138,
    1.7036239091850174,
    1.6920176048138234,
    1.6812113067732344,
    1.6746192538011506,
    1.6653805132470467,
    1.6606769314847472,
    1.6513619556885293,
    1.644886622993428,
    1.636869335968849,
    1.6307660920981661,
    1.621176032291143,
    1.6134471994475674,
    1.6068294930304696,
    1.6016570784553714,
    1.5941117595449068,
    1.5892228056157203,
    1.585240685299381,
    1.5762244471549702,
    1.5664070697625647,
    1.5603733237853257,
    1.5558728264974135,
    1.5474002305484116,
    1.5388719185349462,
    1.5318535562571813,
    1.5274928910240766,
    1.5228866623637674,
    1.5176499119576061,
    1.5114186869326598,
    1.5031486030980512,
    1.498908285571979,
    1.4917680637982618,
    1.4872650232332534,
    1.483386091601329,
    1.4738415957045679,
    1.4733833612644265,
    1.4656879031418972,
    1.4629606571540008,
    1.4578091024067599,
    1.4530164714422873,
    1.4484925125239732,
    1.444023780354916,
    1.4386872163300561,
    1.436430132181355,
    1.4311941902227032,
    1.4274326384775995,
    1.4275502523748,
    1.4215268918866928,
    1.414126278219238,
    1.412185287290726,
    1.4100673936768628,
    1.4079774515714034,
    1.404305183531474,
    1.4014248917283916,
    1.4003615710659447,
    1.3948376583960609,
    1.396433993263035,
    1.3908922549522675,
    1.3876030404216384,
    1.386214572651103,
    1.3833104442261168,
    1.3808011773630742,
    1.3803191642983061,
    1.3774149539356608,
    1.3763413623617153,
    1.3757050314673993,
    1.3724806665566713,
    1.3725777295910189,
    1.370087404867231,
    1.3693490936632928,
    1.368027283905342,
    1.3669008335672899,
    1.3644950487167475,
    1.3635565102473648,
    1.3612095915869495,
    1.3617504695417304,
    1.360155527604808,
    1.360833169497492,
    1.361798753910262,
    1.3592793486965726,
    1.3595526896758992,
    1.3587204316688966,
    1.3591897660667285,
    1.3587901294701183,
    1.35545801441452,
    1.3579243533333907,
    1.3578023051685373,
    1.357656905375123
  ],
  "train_acc": [
    0.14631704511566482,
    0.1445490563626294,
    0.16593532995356366,
    0.1926681719422315,
    0.2534401226941592,
    0.2802581689600818,
    0.2945511864695608,
    0.3128488050100115,
    0.3225407915477357,
    0.32912282196566267,
    0.33747284113662507,
    0.3468027094960167,
    0.35123333191326206,
    0.3591147275593235,
    0.3654411451454863,
    0.3715971541771397,
    0.3753248413070336,
    0.3823328931112342,
    0.38305712946789927,
    0.3886806117667107,
    0.3937502662633664,
    0.39739274911600564,
    0.40088612448344907,
    0.4055297575938312,
    0.4097047671793124,
    0.41383717462616626,
    0.41777787244919695,
    0.4196736676181144,
    0.42384867720359565,
    0.4265539130064329,
    0.4291526434627018,
    0.436586716653176,
    0.43733225407915477,
    0.4418906829122822,
    0.4480466919439356,
    0.449814680696971,
    0.4570144421249947,
    0.45601329186725176,
    0.46048651642312444,
    0.4634473650577259,
    0.4672176543262472,
    0.46883653559408683,
    0.4733097601499595,
    0.4765688237549525,
    0.47950837132024027,
    0.48266092957866485,
    0.48564307928258,
    0.48660162740169555,
    0.48868913219443616,
    0.4910322498189409,
    0.4955054743748136,
    0.49667703318706596,
    0.5002130106931368,
    0.5034081710901888,
    0.5069228475269458,
    0.5062412133089081,
    0.510437523963703,
    0.5118646956077195,
    0.5123972223405615,
    0.5150811570740851,
    0.5194691773527031,
    0.517615984322413,
    0.5222809185021088,
    0.5221957142248541,
    0.5221105099475993,
    0.5237932944233801,
    0.5269671537511184,
    0.5286925403655264,
    0.5252204660673966,
    0.5281387125633706,
    0.5320794103864014,
    0.5300771098709155,
    0.5331870659907127,
    0.5365100328036467,
    0.5346142376347293,
    0.5368508499126656,
    0.5375324841307033,
    0.5361266135560006,
    0.5387466450815831,
    0.5387040429429557,
    0.5397903974779534,
    0.5413240744685384,
    0.5403655263494227,
    0.5406637413198142,
    0.5439015038554935,
    0.5441784177565714,
    0.5440506113406893,
    0.545264772291569,
    0.544604439142845,
    0.545200869083628,
    0.5439015038554935,
    0.5487155455203852,
    0.5459677075789204,
    0.5460529118561752,
    0.5474800835001917,
    0.5469475567673497,
    0.5484173305499936,
    0.5471179653218592,
    0.5469901589059771,
    0.5480552123716611
  ],
  "val_loss": [
    1.9543116616833063,
    1.941500280908346,
    1.9328992924001331,
    1.866220975377191,
    1.8811214899757287,
    1.7417828111049936,
    1.747495125085493,
    1.7238387781940594,
    1.6954309746425305,
    1.6876146591276673,
    1.678619537300905,
    1.718915307203668,
    1.6647988132131568,
    1.7162186314207584,
    1.6677905451936836,
    1.6776833738284653,
    1.6912661434304115,
    1.6572628635149413,
    1.6202427636355992,
    1.6176878194686677,
    1.5988122331095431,
    1.668075447166412,
    1.6064889740620425,
    1.6115856429086244,
    1.5880775146127475,
    1.5726962065010646,
    1.5832362543439944,
    1.555061471325391,
    1.5707600557521504,
    1.5408805624390387,
    1.5338261988970994,
    1.535223016906677,
    1.5511737176411124,
    1.5235956848796335,
    1.5160988538688602,
    1.5029135232748814,
    1.5081362198020158,
    1.535409660937979,
    1.4814115281572138,
    1.4793132393907928,
    1.518136926000904,
    1.475823317534596,
    1.4904111240204105,
    1.4988011025948764,
    1.5156813016925321,
    1.4578599687374099,
    1.4583568018453565,
    1.441474244742808,
    1.4641496596258872,
    1.477208073206376,
    1.4408497489901047,
    1.4399181867971742,
    1.4907356395582088,
    1.4408988900381565,
    1.446333839478499,
    1.4550807442451104,
    1.4264614548646908,
    1.4133508543472666,
    1.4168721369380335,
    1.415394277211467,
    1.4436536191632037,
    1.417086320092608,
    1.4236678591033323,
    1.4217786327353246,
    1.4305105767627577,
    1.4049254119245131,
    1.4111022388986634,
    1.4019725150672409,
    1.4045864237177759,
    1.3998918502043198,
    1.3925889397726803,
    1.4049611947425205,
    1.401351836055797,
    1.4026021567972153,
    1.4210722683367225,
    1.3900108696612086,
    1.4014781764318962,
    1.3923506244774884,
    1.3936941831997403,
    1.3823754581446013,
    1.395954911463908,
    1.3922220483273424,
    1.3873030493293912,
    1.3841131349354294,
    1.3948961849697517,
    1.3937778159191734,
    1.3924649223869667,
    1.393140475920954,
    1.387703942900641,
    1.3914632280910533,
    1.3905712853641148,
    1.386821408998385,
    1.3879099026760047,
    1.3905732272651345,
    1.3908869874660457,
    1.3889270206313207,
    1.3880820017876205,
    1.3897401910256892,
    1.3882463362989401,
    1.3888242811351166
  ],