{
  "train_loss": [
    1.7816193186199565,
    1.654229601034817,
    1.6131066910842604,
    1.5840145510058579,
    1.554997818688812,
    1.5274412246938258,
    1.505582955653676,
    1.4917327603225343,
    1.4833375224055494,
    1.4765010604699262,
    1.524396454620134,
    1.5090686877094945,
    1.5129622495217034,
    1.4888477534304358,
    1.4615261296123372,
    1.4580603568005477,
    1.4390936480375525,
    1.4337475281364158,
    1.4358225695708937,
    1.4145321772124118
  ],
  "train_acc": [
    30.914173888733576,
    34.89143602646538,
    36.85211070729662,
    38.47358121330724,
    39.03457273320287,
    40.96915478520175,
    42.07995526977914,
    42.2066908955363,
    42.52912123753611,
    42.320380206877275,
    41.11452800298201,
    41.53946510110894,
    41.416456993756405,
    42.696859565744106,
    43.86730034479545,
    44.01640108098034,
    45.060106234274535,
    44.644487932159166,
    45.0712887894884,
    45.48877085080608
  ],
  "val_loss": [
    1.5748108807064238,
    1.5263553256080264,
    1.4970932801564534,
    1.4717653274536133,
    1.4642842531204223,
    1.4389478059042067,
    1.415536542165847,
    1.4094301927657353,
    1.4097323077065604,
    1.406537812096732,
    1.4337556589217413,
    1.4257704553149995,
    1.4148723647707984,
    1.4221560909634545,
    1.397134712764195,
    1.3834553718566895,
    1.3827563524246216,
    1.3791966767538162,
    1.3714200598852975,
    1.3654051258450464
  ],
  "val_acc": [
    43.75186400238592,
    45.988666865493585,
    47.7035490605428,
    48.79212645392186,
    49.59737548464062,
    51.02892931702952,
    52.43065911124366,
    52.848195645690424,
    52.92275574112735,
    52.7736355502535,
    51.04384133611691,
    51.774530271398746,
    51.55084998508798,
    51.416641813301524,
    53.101699970175964,
    54.428869668953176,
    54.235013420817175,
    54.17536534446764,
    54.68237399343871,
    55.263942737846705
  ],
  "test_acc": 56.66567253206084,
  "learning_rates": [
    0.001,
    0.0009755527298894294,
    0.0009046039886902864,
    0.0007940987335200904,
    0.0006548539886902864,
    0.0005005000000000001,
    0.0003461460113097139,
    0.00020690126647990973,
    9.639601130971382e-05,
    2.5447270110570814e-05,
    0.001,
    0.0009938503261272714,
    0.0009755527298894294,
    0.0009455577588320898,
    0.0009046039886902864,
    0.0008536998372026805,
    0.0007940987335200904,
    0.0007272682546199037,
    0.0006548539886902864,
    0.0005786390152875954
  ],
  "best_epoch": 20
}