{
  "train_loss": [
    1.9595745238864528,
    1.949507881012275,
    1.948134301371321,
    1.9473387634312853,
    1.9456425087019138,
    1.9289772678933967,
    1.9198404970397807,
    1.901069308405959,
    1.8846632532138359,
    1.8624772827550011,
    1.844237186447283,
    1.8349130415710253,
    1.8201269717330861,
    1.8056649390308277,
    1.7931670998346718,
    1.780004657955736,
    1.770218863777941,
    1.7623062651498558,
    1.7553172413127542,
    1.7443605808873905,
    1.738968121534679,
    1.7273431769249432,
    1.719937277404947,
    1.711994065945065,
    1.7018810685592136,
    1.6963507185572226,
    1.6906747736126604,
    1.685479877088837,
    1.6781079918901571,
    1.6699042658027201,
    1.6672537975549362,
    1.660863588753473,
    1.6572118951663573,
    1.6509343563446386,
    1.6477079659932738,
    1.642486985889814,
    1.637286883861516,
    1.6333976410348703,
    1.6262294804085475,
    1.6214433018900085,
    1.6166602068408928,
    1.6125914807243056,
    1.6111141190288958,
    1.6064547647357479,
    1.6007821337921682,
    1.597176753646325,
    1.5940461031229531,
    1.587198445414347,
    1.5840465752616208,
    1.5851205192883715,
    1.581108019668151,
    1.574619854780922,
    1.571269743683158,
    1.568318475756907,
    1.5660196433753741,
    1.5623250976112824,
    1.5606668222007918,
    1.5550078947441612,
    1.5499175908857743,
    1.5487168742826962,
    1.5452595019489825,
    1.5436565155814972,
    1.5393537826706287,
    1.5373264414803096,
    1.534933121499035,
    1.5321976670833712,
    1.5310365716452106,
    1.53048657140434,
    1.5264115191915792,
    1.5213594161539334,
    1.5222603591631214,
    1.5193146404336157,
    1.5167060414003746,
    1.5129343830913982,
    1.512895858572719,
    1.5107417982478717,
    1.5095708821236602,
    1.5079411430850087,
    1.502954367916265,
    1.5065052575278495,
    1.504244517265331,
    1.5032279588374475,
    1.500635963170249,
    1.499622448385638,
    1.497208927074137,
    1.4988999161992285,
    1.4980948061387052,
    1.4994465790522986,
    1.4985002402589311,
    1.494524231672297,
    1.496321171477703,
    1.4964987514767898,
    1.4946345466527962,
    1.4933378437536118,
    1.4938290148169782,
    1.49376631081701,
    1.4908157337845929,
    1.4948819595684777,
    1.493661247698179,
    1.4929200907933393
  ],
  "train_acc": [
    0.14670046436331105,
    0.14525199164998082,
    0.14263196012439824,
    0.1440378306991011,
    0.14885187236399267,
    0.1891321944361607,
    0.20404294295573638,
    0.22447066842755506,
    0.24027606185830527,
    0.25876539002257914,
    0.2683082690751076,
    0.27512461125548504,
    0.2849870063477187,
    0.2948067993013249,
    0.29872619605504197,
    0.3077152473054147,
    0.3155540408128488,
    0.3207728027947003,
    0.32188045839901164,
    0.32571465087547397,
    0.33187065990712733,
    0.3369616154730968,
    0.3435649469603374,
    0.3504664934179696,
    0.35468410514207815,
    0.35979636177736124,
    0.36186256550078816,
    0.36435479061048864,
    0.36639969326460187,
    0.3719379712861586,
    0.37509052954458316,
    0.3801388829719252,
    0.3805223022195714,
    0.3851233331913262,
    0.3859540748945597,
    0.390917224044647,
    0.3938780726792485,
    0.39507093256081455,
    0.398031781195416,
    0.40535934903932175,
    0.40633919822775105,
    0.4069995313764751,
    0.40827759553529586,
    0.4095769607634303,
    0.41464661526008606,
    0.4144123034976356,
    0.41796958207302004,
    0.42173987134154134,
    0.42516934350104374,
    0.4225067098368338,
    0.42683082690751073,
    0.4285349124526051,
    0.4296425680569165,
    0.4319004814041665,
    0.43360456694926086,
    0.43665061986111703,
    0.4364802113066076,
    0.4375239637029779,
    0.4419971882588506,
    0.4440420909129638,
    0.4451923486559025,
    0.4475354662804073,
    0.4474502620031526,
    0.4516891747965748,
    0.45339326034166916,
    0.45107144378647807,
    0.4527329271929451,
    0.45390448600519745,
    0.4549269373322541,
    0.45622630256038854,
    0.4573978613726409,
    0.46018830145273293,
    0.4612533549184169,
    0.46285093511694286,
    0.46348996719635327,
    0.4658117837515443,
    0.4670685468410514,
    0.46455502066203724,
    0.47037021258467177,
    0.4662591062071316,
    0.4660673965833085,
    0.4698802879904571,
    0.470221105099476,
    0.4710731478720232,
    0.4721169002683935,
    0.4692625569803604,
    0.4732245558727048,
    0.47109444894133684,
    0.4724364163080987,
    0.4747795339326034,
    0.47224470668427554,
    0.47403399650662464,
    0.47494994248711286,
    0.47369317939760575,
    0.47516295318024965,
    0.47288373876368595,
    0.47684573765603033,
    0.474140501853193,
    0.475205555318877,
    0.4741831039918204
  ],
  "val_loss": [
    1.95605602768471,
    1.9483571027490125,
    1.9467324535875503,
    1.9462901924199278,
    1.9520964388060325,
    1.9104478250801857,
    1.9025364540649523,
    1.8818854026899654,
    1.858241414177768,
    1.8145701124857592,
    1.8384167276766077,
    1.8490887937201674,
    1.8471761983856103,
    1.746256766241781,
    1.8254532312802982,
    1.812525544522753,
    1.7311393438267852,
    1.710220803957823,
    1.8806415216674282,
    1.6902424861514944,
    1.7013973797311437,
    1.7753783818842563,
    1.7491546822710438,
    1.6853644123762752,
    1.7350822620852544,
    1.6873242196194973,
    1.7480387219875069,
    1.6765963627930562,
    1.7251839304496444,
    1.6897652077394039,
    1.7275541994314676,
    1.6234178060175002,
    1.6868961747328606,
    1.6869767145337726,
    1.6914474807554125,
    1.6987339943554072,
    1.6457060702212862,
    1.6111761459352292,
    1.6091478798025782,
    1.5987648146508329,
    1.6384026258806188,
    1.5966910011849746,
    1.5834745436004791,
    1.5775755644555558,
    1.573749551869761,
    1.602198523719353,
    1.629738786438458,
    1.6069258480077708,
    1.5700219999007359,
    1.560031313822951,
    1.5945365078246272,
    1.568070625448362,
    1.581249727121458,
    1.552068644919338,
    1.574735844510313,
    1.5680191905590573,
    1.5634422744637508,
    1.5598824229310801,
    1.5578896139637446,
    1.5359770618928994,
    1.57013262985395,
    1.5711431394519866,
    1.5383175761329624,
    1.5464599183193348,
    1.5195199430690929,
    1.5591302100034128,
    1.5209839150111828,
    1.5183322099774113,
    1.5159716187565697,
    1.5358772987364586,
    1.5523994305600561,
    1.517976976567842,
    1.5285263693028739,
    1.5283112391925024,
    1.5311362601897747,
    1.5268504859012304,
    1.5112317449310346,
    1.5123183705224816,
    1.515854392390111,
    1.5194475855186762,
    1.5388610929637299,
    1.5150510553135608,
    1.5188253403278724,
    1.5179203952569196,
    1.5323566363112695,
    1.5185676314035577,
    1.5311490671101813,
    1.5128510352732334,
    1.5152298799655255,
    1.5215901288009355,
    1.5136091066611868,
    1.5187414480745125,
    1.5125187025245086,
    1.5194783109265646,
    1.5098389781354986,
    1.514796832874384,
    1.5208562481184733,
    1.5159690268832062,
    1.5124487984246213,
    1.517420132540192
  ],