{
  "train_loss": [
    0.605019588791571,
    0.6173045032783118,
    0.6104211746509652,
    0.6039738211785227,
    0.6125865969740307,
    0.6007587534594167,
    0.6104573806008509,
    0.6112442357960702,
    0.6106559624262732,
    0.6149572396164713,
    0.6089838824198271,
    0.609674886632733,
    0.6030704459714946,
    0.6136096604745636,
    0.6121431224323427,
    0.5881622599191404,
    0.6129714265128284,
    0.6137453066151816,
    0.5979948434912121,
    0.6143852105370864,
    0.5888344275368838,
    0.5949108250377004,
    0.6156354637481317,
    0.5809077080583401,
    0.5968371405220714,
    0.5988668573130015,
    0.5896869944730447,
    0.5870208152713026,
    0.5783094470705549,
    0.5917215642826776
  ],
  "train_acc": [
    78.38971204920324,
    78.46053489889107,
    78.04118907837108,
    76.38989842512348,
    77.09812692200168,
    77.06830677476471,
    81.42204827136334,
    78.02627900475258,
    79.26567887428943,
    79.1594445997577,
    77.06271549715777,
    79.40359705526046,
    78.31329792190849,
    78.36175566116857,
    78.56117789581586,
    77.70012114434815,
    76.57813810455688,
    78.83142298015096,
    77.0496691827416,
    76.63591463982853,
    78.27788649706459,
    77.66657347870655,
    78.79787531450937,
    76.69182741589786,
    77.56033920417482,
    78.14928711210511,
    77.91818097101854,
    78.77551020408163,
    77.86413195415152,
    78.79601155530706
  ],
  "val_loss": [
    0.7576570431391398,
    0.7627335661933535,
    0.7535990011124384,
    0.7518981910887219,
    0.7446990722701663,
    0.7541953688576108,
    0.7465666799318222,
    0.750826648871104,
    0.7440026805514381,
    0.7425258698917571,
    0.7627382119496663,
    0.7574846909159706,
    0.7510419590132577,
    0.7607118947165353,
    0.7501965238934472,
    0.7501069926080249,
    0.7467835590952918,
    0.7427617805344718,
    0.7434968130929129,
    0.7409054540452503,
    0.7460630025182452,
    0.7498077528817313,
    0.7521502787158603,
    0.7394295553366343,
    0.7391875976607913,
    0.7393587614808764,
    0.7376456629662287,
    0.7358279443922497,
    0.7375372125988915,
    0.7370037237803141
  ],
  "val_acc": [
    87.20548762302415,
    87.17566358484939,
    87.30987175663584,
    87.62302415747092,
    87.95108857739338,
    87.8317924246943,
    87.71249627199524,
    88.01073665374291,
    88.04056069191769,
    88.24932895914107,
    87.30987175663584,
    87.38443185207277,
    87.90635252013122,
    87.45899194750969,
    87.84670444378169,
    87.81688040560692,
    88.13003280644199,
    87.95108857739338,
    88.05547271100507,
    88.05547271100507,
    87.86161646286907,
    87.99582463465553,
    87.96600059648077,
    88.32388905457799,
    88.4133611691023,
    88.75633760811213,
    88.44318520727707,
    88.48792126453922,
    88.68177751267521,
    88.60721741723829
  ],
  "test_acc": 89.51685058156875,
  "learning_rates": [
    0.0001,
    9.757729755661011e-05,
    9.05463412215599e-05,
    7.959536998847742e-05,
    6.57963412215599e-05,
    5.05e-05,
    3.5203658778440106e-05,
    2.1404630011522586e-05,
    1.0453658778440109e-05,
    3.4227024433899e-06,
    0.0001,
    9.939057285945933e-05,
    9.757729755661011e-05,
    9.460482294732421e-05,
    9.05463412215599e-05,
    8.55017856687341e-05,
    7.959536998847742e-05,
    7.297252973710757e-05,
    6.57963412215599e-05,
    5.8243506019491436e-05,
    5.05e-05,
    4.2756493980508586e-05,
    3.5203658778440106e-05,
    2.8027470262892437e-05,
    2.1404630011522586e-05,
    1.54982143312659e-05,
    1.0453658778440109e-05,
    6.395177052675795e-06,
    3.4227024433899e-06,
    1.6094271405406859e-06
  ],
  "best_epoch": 26
}