{
  "train_loss": [
    1.3297908324592873,
    1.1335706146027675,
    1.0043557751590788,
    0.9176505953961532,
    0.8364851469078564,
    0.7749355747958332,
    0.7255034714546477,
    0.7061504174259194,
    0.676159824958433,
    0.6728247984870824,
    0.7676164863433542,
    0.7669642442599809,
    0.739392266618765,
    0.7231294387358732,
    0.7085700286230399,
    0.7126956822548208,
    0.6995031277386026,
    0.6879107595129433,
    0.6585587270921973,
    0.6467701364686009,
    0.6419023603591646,
    0.6349572173815944,
    0.6247479135572414,
    0.6339805462931564,
    0.6213792052754913,
    0.6198687951243677,
    0.6084643680873162,
    0.6126722245875644,
    0.6171292778419795,
    0.6147931885236211,
    0.687119042916008,
    0.6822136668255275,
    0.6815405124987124,
    0.6911890183501079,
    0.6626363698575153,
    0.6520267381500431,
    0.6439168470621962,
    0.6445213798189334,
    0.6352802738458522,
    0.6339146990031537,
    0.6285014913036656,
    0.649748845769623,
    0.6224351884781675,
    0.6517360112380072,
    0.5962437222200014,
    0.608875805523171,
    0.6013615683378281,
    0.6043440499592737,
    0.639694346396943,
    0.6000132268745367
  ],
  "train_acc": [
    49.71764048084987,
    58.602180598266706,
    63.71819960861057,
    67.52213214052745,
    70.62342745317305,
    72.88230360637405,
    75.7375827043146,
    74.61746342372565,
    78.01323269033641,
    76.680644860684,
    74.03969807100923,
    73.361289721368,
    72.78911564625851,
    75.59407324573665,
    75.75249277793309,
    72.96244525207344,
    73.95769266610753,
    76.16065604323921,
    75.75994781474233,
    77.31432298946976,
    77.56593048178175,
    79.02152641878669,
    78.85751560898332,
    75.704035038673,
    78.51644767496039,
    79.76703009971112,
    76.16624732084615,
    78.10642065045197,
    75.10204081632654,
    77.49324387289163,
    76.51477029167832,
    76.14760972882304,
    74.51868418600317,
    74.53732177802628,
    75.21013885006057,
    75.91091231012953,
    75.14677103718199,
    75.92023110614109,
    75.87550088528562,
    77.39632839437145,
    77.31245923026745,
    75.75622029633772,
    78.99170627154972,
    74.71065138384121,
    76.33957692666108,
    75.83636194203709,
    77.22486254775883,
    76.2240238561178,
    73.51970925356444,
    78.51272015655577
  ],
  "val_loss": [
    1.0820500180834816,
    0.9992338640349252,
    0.9289143499873933,
    0.874644660949707,
    0.8385611920129685,
    0.820276807603382,
    0.7981273554620288,
    0.7816021851130894,
    0.7731986437525068,
    0.7708415723982311,
    0.8670097527049837,
    0.8552715420722962,
    0.8376480664525713,
    0.8290447990099589,
    0.8333260984647841,
    0.8157785472415743,
    0.819321266242436,
    0.8264352247828529,
    0.7929991353125799,
    0.7878523082960219,
    0.7806535817327953,
    0.7748555802163624,
    0.7621741953350248,
    0.7660559007099697,
    0.7644006411234537,
    0.7541539583887372,
    0.7581628918647766,
    0.7513543390092395,
    0.7504489654586428,
    0.7472360071681795,
    0.8524998097192673,
    0.8321789122763135,
    0.8305720641499474,
    0.812553442092169,
    0.8172662241118295,
    0.813585334732419,
    0.8169996420542399,
    0.827541530699957,
    0.8232461327598208,
    0.8293942059789385,
    0.83161434729894,
    0.8151201321965172,
    0.7975852977661859,
    0.8072184874897912,
    0.805075352532523,
    0.8046335498491923,
    0.8101219058036804,
    0.800378067720504,
    0.7878755870319548,
    0.790517520904541
  ],
  "val_acc": [
    69.86280942439606,
    74.2320310169997,
    77.66179540709813,
    80.50999105278855,
    82.6722338204593,
    83.85028332836266,
    84.9686847599165,
    85.69937369519833,
    85.65463763793618,
    85.89322994333433,
    81.55383238890546,
    82.07575305696392,
    83.22397852669252,
    83.58186698478974,
    83.61169102296451,
    84.1037876528482,
    84.61079630181926,
    84.13361169102296,
    85.62481359976141,
    85.7291977333731,
    85.93796600059648,
    86.26603042051894,
    86.75812705040262,
    86.63883089770354,
    86.96689531762601,
    86.98180733671339,
    87.08619147032508,
    87.04145541306293,
    87.05636743215031,
    87.48881598568447,
    82.68714583954667,
    83.34327467939158,
    83.65642708022666,
    84.44676409185804,
    84.56606024455711,
    84.62570832090665,
    84.62570832090665,
    84.22308380554728,
    84.55114822546973,
    85.20727706531464,
    84.68535639725619,
    85.01342081717864,
    86.05726215329555,
    85.32657321801372,
    85.87831792424694,
    85.75902177154786,
    85.87831792424694,
    85.83358186698479,
    86.19147032508202,
    86.51953474500448
  ],
  "test_acc": 88.53265732180137,
  "learning_rates": [
    0.0005,
    0.00048778860081564085,
    0.0004523497400965494,
    0.00039715242044697206,
    0.0003275997400965494,
    0.0002505,
    0.00017340025990345064,
    0.00010384757955302797,
    4.865025990345063e-05,
    1.3211399184359193e-05,
    0.0005,
    0.0004969282409784868,
    0.00048778860081564085,
    0.0004728061277849978,
    0.0004523497400965494,
    0.0004269231419060436,
    0.00039715242044697206,
    0.00036377062968501693,
    0.0003275997400965494,
    0.00028953039902753766,
    0.0002505,
    0.00021146960097246246,
    0.00017340025990345064,
    0.00013722937031498307,
    0.00010384757955302797,
    7.40768580939564e-05,
    4.865025990345063e-05,
    2.8193872215002235e-05,
    1.3211399184359193e-05,
    4.071759021513154e-06,
    0.0005,
    0.0004992308747664155,
    0.0004969282409784868,
    0.0004931062951392203,
    0.00048778860081564085,
    0.00048100794336156604,
    0.0004728061277849978,
    0.000463233721006346,
    0.0004523497400965494,
    0.00044022128841720773,
    0.0004269231419060436,
    0.0004125372880583809,
    0.00039715242044697206,
    0.00038086339189662925,
    0.00036377062968501693,
    0.00034597951637508993,
    0.0003275997400965494,
    0.00030874461828204845,
    0.00028953039902753766,
    0.00027007554438409736
  ],
  "best_epoch": 30
}